<?xml version="1.0" encoding="UTF-8"?>
<!DOCTYPE mapper PUBLIC "-//mybatis.org//DTD Mapper 3.0//EN" "http://mybatis.org/dtd/mybatis-3-mapper.dtd">
<mapper namespace="mapper.OAuthUser">

	<!-- OAuth 회원정보 저장 -->
	<insert id="insertOAuthVO" parameterType="com.dementia.memoryTable.domain.naverAndGoogle.OAuthVO">
		INSERT INTO USER_TBL VALUES (
			    USER_SEQ.NEXTVAL,
				#{name}, #{email},
			    #{mobile}, #{role},
			    SYSDATE, SYSDATE, #{authVendor}
		)
	</insert>

	<!-- OAuth 회원정보 조회 -->
	<select id="selectOAuthVO" parameterType="String" resultType="com.dementia.memoryTable.domain.naverAndGoogle.OAuthVO">
		SELECT * FROM USER_TBL WHERE EMAIL = #{email}
	</select>

	<!-- OAuth 회원정보 조회 : email & authVendor -->
	<select id="selectOAuthVOByEmailAndAuthVendor" parameterType="map" resultType="com.dementia.memoryTable.domain.naverAndGoogle.OAuthVO">
		SELECT * FROM USER_TBL WHERE EMAIL = #{email} AND AUTH_VENDOR = #{authVendor}
	</select>

	<!-- OAuth 회원정보 수정 -->
	<update id="updateOAuthVO" parameterType="com.dementia.memoryTable.domain.naverAndGoogle.OAuthVO">
		UPDATE USER_TBL
		   SET NAME = #{name}
		     , EMAIL = #{email}
		     , MOBILE = #{mobile}
		     , ROLE = #{role}
		     , MODIFIED_DATE = SYSDATE
		     , AUTH_VENDOR = #{authVendor}
		 WHERE EMAIL = #{email}
	</update>

	<!-- OAuth 회원정보 삭제 -->
	<delete id="deleteOAuthVO" parameterType="map">
		DELETE USER_TBL WHERE EMAIL = #{email} AND AUTH_VENDOR = #{authVendor}
	</delete>

</mapper>