<?xml version="1.0" encoding="UTF-8"?>
<!DOCTYPE mapper PUBLIC "-//mybatis.org//DTD Mapper 3.0//EN" "http://mybatis.org/dtd/mybatis-3-mapper.dtd">
<mapper namespace="mapper.RecipeMapper">

	<!-- 레시피 검색(페이징) : 레시피, 재료, 식단 -->
	<select id="selectRecipeBySearchingAndPaging" parameterType="map" resultType="map">
		SELECT  *
		  FROM ( SELECT m.*
		                , FLOOR((ROWNUM - 1) / ${limit} + 1) PAGE
		           FROM ( SELECT DISTINCT m3.*
		                    FROM DEMENTIA_DIET_TBL m3
		                   WHERE
		                   <if test="searchKey == 'FOOD_NAME'">
					         FOOD_NAME LIKE '%${searchWord}%'
		                   </if>
		                   <if test="searchKey == 'INGREDIENT'">
		                   	 INGREDIENT LIKE '%${searchWord}%'
		                   </if>
		                   <if test="searchKey == 'DIET_NAME'">
		                   	 DIET_NAME LIKE '%${searchWord}%'
		                   </if>
		                   ORDER BY ID ${ordering} ) m
		       )
		 WHERE PAGE = #{page}
	</select>

	<!-- 검색된 전체 레시피 수 -->
	<select id="selectCountBySearching" parameterType="map" resultType="int">
		SELECT COUNT(*)
		  FROM DEMENTIA_DIET_TBL
		 WHERE
		<if test="searchKey == 'FOOD_NAME'">
         	 FOOD_NAME LIKE '%${searchWord}%'
        </if>
        <if test="searchKey == 'INGREDIENT'">
        	 INGREDIENT LIKE '%{searchWord}%'
        </if>
        <if test="searchKey == 'DIET_NAME'">
        	 DIET_NAME LIKE '%{searchWord}%'
        </if>
	</select>

	<!-- 11.01 GNB 레시피 검색(페이징) : 레시피, 재료, 식단 -->
	<select id="gnbRecipeBySearchingAndPaging" parameterType="map" resultType="map">
		SELECT  *
		  FROM ( SELECT m.*
		                , FLOOR((ROWNUM - 1) / ${limit} + 1) PAGE
		           FROM ( SELECT DISTINCT m3.*
		                    FROM DEMENTIA_DIET_TBL m3
		                   WHERE
						         FOOD_NAME LIKE '%${searchWord}%'
			                   	 OR INGREDIENT LIKE '%${searchWord}%'
			                   	 OR DIET_NAME LIKE '%${searchWord}%'
		                   ORDER BY ID ${ordering} ) m
		       )
		 WHERE PAGE = #{page}
	</select>

	<!-- 11.01 GNB 검색된 전체 레시피 수 -->
	<select id="gnbCountBySearching" parameterType="map" resultType="int">
		SELECT COUNT(*)
		  FROM DEMENTIA_DIET_TBL
		 WHERE
         	 FOOD_NAME LIKE '%${searchWord}%'
        	 OR INGREDIENT LIKE '%{searchWord}%'
        	 OR DIET_NAME LIKE '%{searchWord}%'
	</select>

</mapper>